{
  "best_metric": 0.13698922097682953,
  "best_model_checkpoint": "/content/drive/MyDrive/mbart_finetuned_dynamic_updated_2/checkpoint-52035",
  "epoch": 3.0,
  "eval_steps": 500,
  "global_step": 156105,
  "is_hyper_param_search": false,
  "is_local_process_zero": true,
  "is_world_process_zero": true,
  "log_history": [
    {
      "epoch": 0.009608917075045643,
      "grad_norm": 0.741962730884552,
      "learning_rate": 9.967970276416515e-06,
      "loss": 0.0648,
      "step": 500
    },
    {
      "epoch": 0.019217834150091286,
      "grad_norm": 0.9441537857055664,
      "learning_rate": 9.93594055283303e-06,
      "loss": 0.0667,
      "step": 1000
    },
    {
      "epoch": 0.028826751225136928,
      "grad_norm": 0.8505249619483948,
      "learning_rate": 9.903910829249544e-06,
      "loss": 0.0686,
      "step": 1500
    },
    {
      "epoch": 0.03843566830018257,
      "grad_norm": 1.0097671747207642,
      "learning_rate": 9.871881105666058e-06,
      "loss": 0.0672,
      "step": 2000
    },
    {
      "epoch": 0.04804458537522821,
      "grad_norm": 0.7290766835212708,
      "learning_rate": 9.839851382082574e-06,
      "loss": 0.0698,
      "step": 2500
    },
    {
      "epoch": 0.057653502450273855,
      "grad_norm": 1.095061182975769,
      "learning_rate": 9.807821658499089e-06,
      "loss": 0.0696,
      "step": 3000
    },
    {
      "epoch": 0.0672624195253195,
      "grad_norm": 1.2519192695617676,
      "learning_rate": 9.775791934915603e-06,
      "loss": 0.0682,
      "step": 3500
    },
    {
      "epoch": 0.07687133660036514,
      "grad_norm": 0.7178449034690857,
      "learning_rate": 9.743762211332117e-06,
      "loss": 0.0684,
      "step": 4000
    },
    {
      "epoch": 0.08648025367541078,
      "grad_norm": 0.795766294002533,
      "learning_rate": 9.711732487748632e-06,
      "loss": 0.0712,
      "step": 4500
    },
    {
      "epoch": 0.09608917075045642,
      "grad_norm": 1.5447887182235718,
      "learning_rate": 9.679702764165146e-06,
      "loss": 0.0702,
      "step": 5000
    },
    {
      "epoch": 0.10569808782550207,
      "grad_norm": 1.3414900302886963,
      "learning_rate": 9.64767304058166e-06,
      "loss": 0.0731,
      "step": 5500
    },
    {
      "epoch": 0.11530700490054771,
      "grad_norm": 1.1959763765335083,
      "learning_rate": 9.615643316998175e-06,
      "loss": 0.071,
      "step": 6000
    },
    {
      "epoch": 0.12491592197559336,
      "grad_norm": 0.7667453289031982,
      "learning_rate": 9.583613593414691e-06,
      "loss": 0.0704,
      "step": 6500
    },
    {
      "epoch": 0.134524839050639,
      "grad_norm": 0.6402419209480286,
      "learning_rate": 9.551583869831205e-06,
      "loss": 0.0718,
      "step": 7000
    },
    {
      "epoch": 0.14413375612568463,
      "grad_norm": 0.9979059100151062,
      "learning_rate": 9.519554146247718e-06,
      "loss": 0.0732,
      "step": 7500
    },
    {
      "epoch": 0.1537426732007303,
      "grad_norm": 1.1197221279144287,
      "learning_rate": 9.487524422664232e-06,
      "loss": 0.0746,
      "step": 8000
    },
    {
      "epoch": 0.16335159027577592,
      "grad_norm": 0.97752445936203,
      "learning_rate": 9.455494699080747e-06,
      "loss": 0.0709,
      "step": 8500
    },
    {
      "epoch": 0.17296050735082155,
      "grad_norm": 1.48578679561615,
      "learning_rate": 9.423464975497261e-06,
      "loss": 0.074,
      "step": 9000
    },
    {
      "epoch": 0.1825694244258672,
      "grad_norm": 0.9833082556724548,
      "learning_rate": 9.391435251913777e-06,
      "loss": 0.0729,
      "step": 9500
    },
    {
      "epoch": 0.19217834150091284,
      "grad_norm": 1.2507057189941406,
      "learning_rate": 9.359405528330291e-06,
      "loss": 0.0711,
      "step": 10000
    },
    {
      "epoch": 0.2017872585759585,
      "grad_norm": 1.5378923416137695,
      "learning_rate": 9.327375804746806e-06,
      "loss": 0.0741,
      "step": 10500
    },
    {
      "epoch": 0.21139617565100413,
      "grad_norm": 0.86272794008255,
      "learning_rate": 9.29534608116332e-06,
      "loss": 0.0727,
      "step": 11000
    },
    {
      "epoch": 0.22100509272604976,
      "grad_norm": 1.0643763542175293,
      "learning_rate": 9.263316357579835e-06,
      "loss": 0.0758,
      "step": 11500
    },
    {
      "epoch": 0.23061400980109542,
      "grad_norm": 0.6246080994606018,
      "learning_rate": 9.231286633996349e-06,
      "loss": 0.0728,
      "step": 12000
    },
    {
      "epoch": 0.24022292687614105,
      "grad_norm": 0.7076907753944397,
      "learning_rate": 9.199256910412863e-06,
      "loss": 0.0751,
      "step": 12500
    },
    {
      "epoch": 0.2498318439511867,
      "grad_norm": 1.6496686935424805,
      "learning_rate": 9.167227186829378e-06,
      "loss": 0.0728,
      "step": 13000
    },
    {
      "epoch": 0.25944076102623237,
      "grad_norm": 0.8332569599151611,
      "learning_rate": 9.135197463245894e-06,
      "loss": 0.0737,
      "step": 13500
    },
    {
      "epoch": 0.269049678101278,
      "grad_norm": 0.81146240234375,
      "learning_rate": 9.103167739662408e-06,
      "loss": 0.0761,
      "step": 14000
    },
    {
      "epoch": 0.27865859517632363,
      "grad_norm": 0.8597171306610107,
      "learning_rate": 9.071138016078922e-06,
      "loss": 0.0728,
      "step": 14500
    },
    {
      "epoch": 0.28826751225136926,
      "grad_norm": 0.870110809803009,
      "learning_rate": 9.039108292495437e-06,
      "loss": 0.0751,
      "step": 15000
    },
    {
      "epoch": 0.2978764293264149,
      "grad_norm": 0.8856515884399414,
      "learning_rate": 9.007078568911951e-06,
      "loss": 0.0756,
      "step": 15500
    },
    {
      "epoch": 0.3074853464014606,
      "grad_norm": 0.9311910271644592,
      "learning_rate": 8.975048845328465e-06,
      "loss": 0.0761,
      "step": 16000
    },
    {
      "epoch": 0.3170942634765062,
      "grad_norm": 0.9305885434150696,
      "learning_rate": 8.94301912174498e-06,
      "loss": 0.0777,
      "step": 16500
    },
    {
      "epoch": 0.32670318055155184,
      "grad_norm": 0.8148934841156006,
      "learning_rate": 8.910989398161494e-06,
      "loss": 0.0746,
      "step": 17000
    },
    {
      "epoch": 0.3363120976265975,
      "grad_norm": 1.2075411081314087,
      "learning_rate": 8.878959674578009e-06,
      "loss": 0.0759,
      "step": 17500
    },
    {
      "epoch": 0.3459210147016431,
      "grad_norm": 0.9796770215034485,
      "learning_rate": 8.846929950994525e-06,
      "loss": 0.0746,
      "step": 18000
    },
    {
      "epoch": 0.3555299317766888,
      "grad_norm": 1.3064701557159424,
      "learning_rate": 8.814900227411039e-06,
      "loss": 0.0768,
      "step": 18500
    },
    {
      "epoch": 0.3651388488517344,
      "grad_norm": 1.6023310422897339,
      "learning_rate": 8.782870503827553e-06,
      "loss": 0.0763,
      "step": 19000
    },
    {
      "epoch": 0.37474776592678005,
      "grad_norm": 0.9016754031181335,
      "learning_rate": 8.750840780244068e-06,
      "loss": 0.0738,
      "step": 19500
    },
    {
      "epoch": 0.3843566830018257,
      "grad_norm": 1.0101121664047241,
      "learning_rate": 8.718811056660582e-06,
      "loss": 0.0747,
      "step": 20000
    },
    {
      "epoch": 0.3939656000768713,
      "grad_norm": 1.185120940208435,
      "learning_rate": 8.686781333077096e-06,
      "loss": 0.0749,
      "step": 20500
    },
    {
      "epoch": 0.403574517151917,
      "grad_norm": 1.4238348007202148,
      "learning_rate": 8.65475160949361e-06,
      "loss": 0.0768,
      "step": 21000
    },
    {
      "epoch": 0.41318343422696263,
      "grad_norm": 1.1426613330841064,
      "learning_rate": 8.622721885910125e-06,
      "loss": 0.0782,
      "step": 21500
    },
    {
      "epoch": 0.42279235130200826,
      "grad_norm": 1.0927541255950928,
      "learning_rate": 8.59069216232664e-06,
      "loss": 0.0772,
      "step": 22000
    },
    {
      "epoch": 0.4324012683770539,
      "grad_norm": 0.8314675092697144,
      "learning_rate": 8.558662438743154e-06,
      "loss": 0.0758,
      "step": 22500
    },
    {
      "epoch": 0.4420101854520995,
      "grad_norm": 1.0309903621673584,
      "learning_rate": 8.526632715159668e-06,
      "loss": 0.078,
      "step": 23000
    },
    {
      "epoch": 0.4516191025271452,
      "grad_norm": 1.572610855102539,
      "learning_rate": 8.494602991576183e-06,
      "loss": 0.0769,
      "step": 23500
    },
    {
      "epoch": 0.46122801960219084,
      "grad_norm": 0.9468722343444824,
      "learning_rate": 8.462573267992697e-06,
      "loss": 0.0772,
      "step": 24000
    },
    {
      "epoch": 0.4708369366772365,
      "grad_norm": 0.8519300818443298,
      "learning_rate": 8.430543544409211e-06,
      "loss": 0.077,
      "step": 24500
    },
    {
      "epoch": 0.4804458537522821,
      "grad_norm": 0.9126372933387756,
      "learning_rate": 8.398513820825727e-06,
      "loss": 0.08,
      "step": 25000
    },
    {
      "epoch": 0.49005477082732773,
      "grad_norm": 0.9470377564430237,
      "learning_rate": 8.366484097242242e-06,
      "loss": 0.0755,
      "step": 25500
    },
    {
      "epoch": 0.4996636879023734,
      "grad_norm": 1.1044135093688965,
      "learning_rate": 8.334454373658756e-06,
      "loss": 0.0767,
      "step": 26000
    },
    {
      "epoch": 0.509272604977419,
      "grad_norm": 0.862214982509613,
      "learning_rate": 8.30242465007527e-06,
      "loss": 0.0791,
      "step": 26500
    },
    {
      "epoch": 0.5188815220524647,
      "grad_norm": 1.0608248710632324,
      "learning_rate": 8.270394926491785e-06,
      "loss": 0.0776,
      "step": 27000
    },
    {
      "epoch": 0.5284904391275104,
      "grad_norm": 0.7729933857917786,
      "learning_rate": 8.2383652029083e-06,
      "loss": 0.0779,
      "step": 27500
    },
    {
      "epoch": 0.538099356202556,
      "grad_norm": 0.8456423282623291,
      "learning_rate": 8.206335479324814e-06,
      "loss": 0.0748,
      "step": 28000
    },
    {
      "epoch": 0.5477082732776016,
      "grad_norm": 1.0221943855285645,
      "learning_rate": 8.174305755741328e-06,
      "loss": 0.076,
      "step": 28500
    },
    {
      "epoch": 0.5573171903526473,
      "grad_norm": 1.1447677612304688,
      "learning_rate": 8.142276032157842e-06,
      "loss": 0.0784,
      "step": 29000
    },
    {
      "epoch": 0.5669261074276929,
      "grad_norm": 0.6542264819145203,
      "learning_rate": 8.110246308574358e-06,
      "loss": 0.0804,
      "step": 29500
    },
    {
      "epoch": 0.5765350245027385,
      "grad_norm": 0.8765408396720886,
      "learning_rate": 8.078216584990873e-06,
      "loss": 0.079,
      "step": 30000
    },
    {
      "epoch": 0.5861439415777842,
      "grad_norm": 0.9154884815216064,
      "learning_rate": 8.046186861407387e-06,
      "loss": 0.0753,
      "step": 30500
    },
    {
      "epoch": 0.5957528586528298,
      "grad_norm": 1.1542679071426392,
      "learning_rate": 8.014157137823901e-06,
      "loss": 0.0801,
      "step": 31000
    },
    {
      "epoch": 0.6053617757278754,
      "grad_norm": 1.0514861345291138,
      "learning_rate": 7.982127414240416e-06,
      "loss": 0.0801,
      "step": 31500
    },
    {
      "epoch": 0.6149706928029212,
      "grad_norm": 1.4287828207015991,
      "learning_rate": 7.95009769065693e-06,
      "loss": 0.0818,
      "step": 32000
    },
    {
      "epoch": 0.6245796098779668,
      "grad_norm": 1.0092682838439941,
      "learning_rate": 7.918067967073445e-06,
      "loss": 0.0794,
      "step": 32500
    },
    {
      "epoch": 0.6341885269530124,
      "grad_norm": 1.0352051258087158,
      "learning_rate": 7.886038243489959e-06,
      "loss": 0.0766,
      "step": 33000
    },
    {
      "epoch": 0.643797444028058,
      "grad_norm": 0.7136577367782593,
      "learning_rate": 7.854008519906475e-06,
      "loss": 0.0804,
      "step": 33500
    },
    {
      "epoch": 0.6534063611031037,
      "grad_norm": 0.875100314617157,
      "learning_rate": 7.82197879632299e-06,
      "loss": 0.0776,
      "step": 34000
    },
    {
      "epoch": 0.6630152781781493,
      "grad_norm": 0.9668498039245605,
      "learning_rate": 7.789949072739504e-06,
      "loss": 0.0764,
      "step": 34500
    },
    {
      "epoch": 0.672624195253195,
      "grad_norm": 0.7240312099456787,
      "learning_rate": 7.757919349156018e-06,
      "loss": 0.0786,
      "step": 35000
    },
    {
      "epoch": 0.6822331123282406,
      "grad_norm": 1.2491635084152222,
      "learning_rate": 7.725889625572532e-06,
      "loss": 0.0819,
      "step": 35500
    },
    {
      "epoch": 0.6918420294032862,
      "grad_norm": 1.1173046827316284,
      "learning_rate": 7.693859901989047e-06,
      "loss": 0.0776,
      "step": 36000
    },
    {
      "epoch": 0.7014509464783318,
      "grad_norm": 0.8936835527420044,
      "learning_rate": 7.661830178405561e-06,
      "loss": 0.0794,
      "step": 36500
    },
    {
      "epoch": 0.7110598635533776,
      "grad_norm": 1.3323510885238647,
      "learning_rate": 7.629800454822075e-06,
      "loss": 0.0794,
      "step": 37000
    },
    {
      "epoch": 0.7206687806284232,
      "grad_norm": 0.9311578869819641,
      "learning_rate": 7.59777073123859e-06,
      "loss": 0.081,
      "step": 37500
    },
    {
      "epoch": 0.7302776977034688,
      "grad_norm": 1.8938775062561035,
      "learning_rate": 7.565741007655104e-06,
      "loss": 0.0836,
      "step": 38000
    },
    {
      "epoch": 0.7398866147785145,
      "grad_norm": 1.0329965353012085,
      "learning_rate": 7.5337112840716186e-06,
      "loss": 0.0803,
      "step": 38500
    },
    {
      "epoch": 0.7494955318535601,
      "grad_norm": 0.9125992059707642,
      "learning_rate": 7.501681560488133e-06,
      "loss": 0.0798,
      "step": 39000
    },
    {
      "epoch": 0.7591044489286057,
      "grad_norm": 1.132318139076233,
      "learning_rate": 7.469651836904648e-06,
      "loss": 0.0775,
      "step": 39500
    },
    {
      "epoch": 0.7687133660036514,
      "grad_norm": 1.3240431547164917,
      "learning_rate": 7.4376221133211625e-06,
      "loss": 0.0792,
      "step": 40000
    },
    {
      "epoch": 0.778322283078697,
      "grad_norm": 0.9100022315979004,
      "learning_rate": 7.405592389737677e-06,
      "loss": 0.082,
      "step": 40500
    },
    {
      "epoch": 0.7879312001537426,
      "grad_norm": 1.5206598043441772,
      "learning_rate": 7.373562666154191e-06,
      "loss": 0.0818,
      "step": 41000
    },
    {
      "epoch": 0.7975401172287884,
      "grad_norm": 0.9797661900520325,
      "learning_rate": 7.3415329425707064e-06,
      "loss": 0.0761,
      "step": 41500
    },
    {
      "epoch": 0.807149034303834,
      "grad_norm": 0.9266470074653625,
      "learning_rate": 7.309503218987221e-06,
      "loss": 0.0785,
      "step": 42000
    },
    {
      "epoch": 0.8167579513788796,
      "grad_norm": 0.9229353666305542,
      "learning_rate": 7.277473495403735e-06,
      "loss": 0.0749,
      "step": 42500
    },
    {
      "epoch": 0.8263668684539253,
      "grad_norm": 1.0926661491394043,
      "learning_rate": 7.2454437718202495e-06,
      "loss": 0.0799,
      "step": 43000
    },
    {
      "epoch": 0.8359757855289709,
      "grad_norm": 1.1535533666610718,
      "learning_rate": 7.213414048236764e-06,
      "loss": 0.08,
      "step": 43500
    },
    {
      "epoch": 0.8455847026040165,
      "grad_norm": 0.9955042600631714,
      "learning_rate": 7.181384324653279e-06,
      "loss": 0.078,
      "step": 44000
    },
    {
      "epoch": 0.8551936196790622,
      "grad_norm": 1.3723790645599365,
      "learning_rate": 7.1493546010697935e-06,
      "loss": 0.0789,
      "step": 44500
    },
    {
      "epoch": 0.8648025367541078,
      "grad_norm": 0.9380205869674683,
      "learning_rate": 7.117324877486308e-06,
      "loss": 0.0792,
      "step": 45000
    },
    {
      "epoch": 0.8744114538291534,
      "grad_norm": 1.227467656135559,
      "learning_rate": 7.085295153902822e-06,
      "loss": 0.0818,
      "step": 45500
    },
    {
      "epoch": 0.884020370904199,
      "grad_norm": 0.8436203002929688,
      "learning_rate": 7.053265430319337e-06,
      "loss": 0.0798,
      "step": 46000
    },
    {
      "epoch": 0.8936292879792448,
      "grad_norm": 0.9362768530845642,
      "learning_rate": 7.021235706735852e-06,
      "loss": 0.0812,
      "step": 46500
    },
    {
      "epoch": 0.9032382050542904,
      "grad_norm": 0.5799524188041687,
      "learning_rate": 6.989205983152366e-06,
      "loss": 0.0804,
      "step": 47000
    },
    {
      "epoch": 0.912847122129336,
      "grad_norm": 0.8181588053703308,
      "learning_rate": 6.9571762595688805e-06,
      "loss": 0.0823,
      "step": 47500
    },
    {
      "epoch": 0.9224560392043817,
      "grad_norm": 0.9224810004234314,
      "learning_rate": 6.925146535985396e-06,
      "loss": 0.0807,
      "step": 48000
    },
    {
      "epoch": 0.9320649562794273,
      "grad_norm": 0.7868025302886963,
      "learning_rate": 6.89311681240191e-06,
      "loss": 0.0812,
      "step": 48500
    },
    {
      "epoch": 0.941673873354473,
      "grad_norm": 0.9332160949707031,
      "learning_rate": 6.861087088818424e-06,
      "loss": 0.082,
      "step": 49000
    },
    {
      "epoch": 0.9512827904295186,
      "grad_norm": 1.4728001356124878,
      "learning_rate": 6.829057365234939e-06,
      "loss": 0.0854,
      "step": 49500
    },
    {
      "epoch": 0.9608917075045642,
      "grad_norm": 1.208057165145874,
      "learning_rate": 6.797027641651454e-06,
      "loss": 0.0801,
      "step": 50000
    },
    {
      "epoch": 0.9705006245796098,
      "grad_norm": 0.9314196705818176,
      "learning_rate": 6.764997918067968e-06,
      "loss": 0.0801,
      "step": 50500
    },
    {
      "epoch": 0.9801095416546555,
      "grad_norm": 1.2117748260498047,
      "learning_rate": 6.732968194484483e-06,
      "loss": 0.0808,
      "step": 51000
    },
    {
      "epoch": 0.9897184587297012,
      "grad_norm": 0.96445232629776,
      "learning_rate": 6.700938470900996e-06,
      "loss": 0.0817,
      "step": 51500
    },
    {
      "epoch": 0.9993273758047468,
      "grad_norm": 1.0324351787567139,
      "learning_rate": 6.668908747317511e-06,
      "loss": 0.0825,
      "step": 52000
    },
    {
      "epoch": 1.0,
      "eval_loss": 0.13698922097682953,
      "eval_runtime": 532.1184,
      "eval_samples_per_second": 43.462,
      "eval_steps_per_second": 10.866,
      "step": 52035
    },
    {
      "epoch": 1.0089362928797925,
      "grad_norm": 0.8351072669029236,
      "learning_rate": 6.636879023734025e-06,
      "loss": 0.0607,
      "step": 52500
    },
    {
      "epoch": 1.018545209954838,
      "grad_norm": 0.9392796754837036,
      "learning_rate": 6.60484930015054e-06,
      "loss": 0.0609,
      "step": 53000
    },
    {
      "epoch": 1.0281541270298837,
      "grad_norm": 0.8859615325927734,
      "learning_rate": 6.5728195765670545e-06,
      "loss": 0.0611,
      "step": 53500
    },
    {
      "epoch": 1.0377630441049295,
      "grad_norm": 0.8842014670372009,
      "learning_rate": 6.540789852983569e-06,
      "loss": 0.0582,
      "step": 54000
    },
    {
      "epoch": 1.047371961179975,
      "grad_norm": 1.3625980615615845,
      "learning_rate": 6.508760129400083e-06,
      "loss": 0.0605,
      "step": 54500
    },
    {
      "epoch": 1.0569808782550207,
      "grad_norm": 1.2678909301757812,
      "learning_rate": 6.4767304058165985e-06,
      "loss": 0.0591,
      "step": 55000
    },
    {
      "epoch": 1.0665897953300663,
      "grad_norm": 0.8084551692008972,
      "learning_rate": 6.444700682233113e-06,
      "loss": 0.0583,
      "step": 55500
    },
    {
      "epoch": 1.076198712405112,
      "grad_norm": 0.8794716000556946,
      "learning_rate": 6.412670958649627e-06,
      "loss": 0.0576,
      "step": 56000
    },
    {
      "epoch": 1.0858076294801575,
      "grad_norm": 0.6754729151725769,
      "learning_rate": 6.3806412350661415e-06,
      "loss": 0.058,
      "step": 56500
    },
    {
      "epoch": 1.0954165465552033,
      "grad_norm": 0.8598812818527222,
      "learning_rate": 6.348611511482656e-06,
      "loss": 0.0602,
      "step": 57000
    },
    {
      "epoch": 1.1050254636302488,
      "grad_norm": 1.1187928915023804,
      "learning_rate": 6.316581787899171e-06,
      "loss": 0.0572,
      "step": 57500
    },
    {
      "epoch": 1.1146343807052945,
      "grad_norm": 1.0518888235092163,
      "learning_rate": 6.2845520643156855e-06,
      "loss": 0.0588,
      "step": 58000
    },
    {
      "epoch": 1.1242432977803403,
      "grad_norm": 0.9867761135101318,
      "learning_rate": 6.2525223407322e-06,
      "loss": 0.0594,
      "step": 58500
    },
    {
      "epoch": 1.1338522148553858,
      "grad_norm": 1.4772369861602783,
      "learning_rate": 6.220492617148714e-06,
      "loss": 0.0608,
      "step": 59000
    },
    {
      "epoch": 1.1434611319304315,
      "grad_norm": 0.8273433446884155,
      "learning_rate": 6.188462893565229e-06,
      "loss": 0.0583,
      "step": 59500
    },
    {
      "epoch": 1.153070049005477,
      "grad_norm": 0.8718376159667969,
      "learning_rate": 6.156433169981744e-06,
      "loss": 0.0636,
      "step": 60000
    },
    {
      "epoch": 1.1626789660805228,
      "grad_norm": 0.8784357905387878,
      "learning_rate": 6.124403446398258e-06,
      "loss": 0.0621,
      "step": 60500
    },
    {
      "epoch": 1.1722878831555683,
      "grad_norm": 1.0946255922317505,
      "learning_rate": 6.0923737228147725e-06,
      "loss": 0.061,
      "step": 61000
    },
    {
      "epoch": 1.181896800230614,
      "grad_norm": 1.2968486547470093,
      "learning_rate": 6.060343999231288e-06,
      "loss": 0.0601,
      "step": 61500
    },
    {
      "epoch": 1.1915057173056596,
      "grad_norm": 0.9855940341949463,
      "learning_rate": 6.028314275647802e-06,
      "loss": 0.06,
      "step": 62000
    },
    {
      "epoch": 1.2011146343807053,
      "grad_norm": 1.0872468948364258,
      "learning_rate": 5.9962845520643164e-06,
      "loss": 0.0601,
      "step": 62500
    },
    {
      "epoch": 1.210723551455751,
      "grad_norm": 0.9444528222084045,
      "learning_rate": 5.964254828480831e-06,
      "loss": 0.0616,
      "step": 63000
    },
    {
      "epoch": 1.2203324685307966,
      "grad_norm": 0.5226453542709351,
      "learning_rate": 5.932225104897346e-06,
      "loss": 0.0619,
      "step": 63500
    },
    {
      "epoch": 1.229941385605842,
      "grad_norm": 0.6717576384544373,
      "learning_rate": 5.90019538131386e-06,
      "loss": 0.0625,
      "step": 64000
    },
    {
      "epoch": 1.2395503026808878,
      "grad_norm": 1.0369012355804443,
      "learning_rate": 5.868165657730375e-06,
      "loss": 0.0614,
      "step": 64500
    },
    {
      "epoch": 1.2491592197559336,
      "grad_norm": 0.9321979880332947,
      "learning_rate": 5.836135934146889e-06,
      "loss": 0.0612,
      "step": 65000
    },
    {
      "epoch": 1.258768136830979,
      "grad_norm": 0.946138322353363,
      "learning_rate": 5.8041062105634035e-06,
      "loss": 0.0586,
      "step": 65500
    },
    {
      "epoch": 1.2683770539060248,
      "grad_norm": 1.2739644050598145,
      "learning_rate": 5.772076486979917e-06,
      "loss": 0.0633,
      "step": 66000
    },
    {
      "epoch": 1.2779859709810704,
      "grad_norm": 0.7567492127418518,
      "learning_rate": 5.740046763396432e-06,
      "loss": 0.0612,
      "step": 66500
    },
    {
      "epoch": 1.287594888056116,
      "grad_norm": 0.9318346381187439,
      "learning_rate": 5.7080170398129465e-06,
      "loss": 0.061,
      "step": 67000
    },
    {
      "epoch": 1.2972038051311618,
      "grad_norm": 1.1329621076583862,
      "learning_rate": 5.675987316229461e-06,
      "loss": 0.0629,
      "step": 67500
    },
    {
      "epoch": 1.3068127222062074,
      "grad_norm": 1.0862529277801514,
      "learning_rate": 5.643957592645975e-06,
      "loss": 0.0626,
      "step": 68000
    },
    {
      "epoch": 1.3164216392812529,
      "grad_norm": 0.9516659379005432,
      "learning_rate": 5.6119278690624905e-06,
      "loss": 0.0602,
      "step": 68500
    },
    {
      "epoch": 1.3260305563562986,
      "grad_norm": 1.1066641807556152,
      "learning_rate": 5.579898145479005e-06,
      "loss": 0.0634,
      "step": 69000
    },
    {
      "epoch": 1.3356394734313444,
      "grad_norm": 1.2711541652679443,
      "learning_rate": 5.547868421895519e-06,
      "loss": 0.0612,
      "step": 69500
    },
    {
      "epoch": 1.34524839050639,
      "grad_norm": 1.1924670934677124,
      "learning_rate": 5.5158386983120336e-06,
      "loss": 0.0594,
      "step": 70000
    },
    {
      "epoch": 1.3548573075814356,
      "grad_norm": 0.7352682948112488,
      "learning_rate": 5.483808974728548e-06,
      "loss": 0.0627,
      "step": 70500
    },
    {
      "epoch": 1.3644662246564812,
      "grad_norm": 0.9467045068740845,
      "learning_rate": 5.451779251145063e-06,
      "loss": 0.0625,
      "step": 71000
    },
    {
      "epoch": 1.374075141731527,
      "grad_norm": 1.0169373750686646,
      "learning_rate": 5.4197495275615775e-06,
      "loss": 0.0662,
      "step": 71500
    },
    {
      "epoch": 1.3836840588065726,
      "grad_norm": 1.1297787427902222,
      "learning_rate": 5.387719803978092e-06,
      "loss": 0.0641,
      "step": 72000
    },
    {
      "epoch": 1.3932929758816182,
      "grad_norm": 1.0931885242462158,
      "learning_rate": 5.355690080394606e-06,
      "loss": 0.0636,
      "step": 72500
    },
    {
      "epoch": 1.4029018929566637,
      "grad_norm": 1.202522873878479,
      "learning_rate": 5.3236603568111214e-06,
      "loss": 0.0631,
      "step": 73000
    },
    {
      "epoch": 1.4125108100317094,
      "grad_norm": 1.2263575792312622,
      "learning_rate": 5.291630633227636e-06,
      "loss": 0.0668,
      "step": 73500
    },
    {
      "epoch": 1.4221197271067552,
      "grad_norm": 0.8177180290222168,
      "learning_rate": 5.25960090964415e-06,
      "loss": 0.0609,
      "step": 74000
    },
    {
      "epoch": 1.4317286441818007,
      "grad_norm": 0.8970230221748352,
      "learning_rate": 5.2275711860606645e-06,
      "loss": 0.0629,
      "step": 74500
    },
    {
      "epoch": 1.4413375612568464,
      "grad_norm": 1.1294115781784058,
      "learning_rate": 5.19554146247718e-06,
      "loss": 0.061,
      "step": 75000
    },
    {
      "epoch": 1.450946478331892,
      "grad_norm": 0.5049770474433899,
      "learning_rate": 5.163511738893694e-06,
      "loss": 0.0654,
      "step": 75500
    },
    {
      "epoch": 1.4605553954069377,
      "grad_norm": 0.7670597434043884,
      "learning_rate": 5.1314820153102085e-06,
      "loss": 0.0604,
      "step": 76000
    },
    {
      "epoch": 1.4701643124819832,
      "grad_norm": 1.6980547904968262,
      "learning_rate": 5.099452291726723e-06,
      "loss": 0.0657,
      "step": 76500
    },
    {
      "epoch": 1.479773229557029,
      "grad_norm": 0.9581319093704224,
      "learning_rate": 5.067422568143238e-06,
      "loss": 0.0636,
      "step": 77000
    },
    {
      "epoch": 1.4893821466320745,
      "grad_norm": 0.8339343070983887,
      "learning_rate": 5.035392844559752e-06,
      "loss": 0.0644,
      "step": 77500
    },
    {
      "epoch": 1.4989910637071202,
      "grad_norm": 1.7219634056091309,
      "learning_rate": 5.003363120976267e-06,
      "loss": 0.065,
      "step": 78000
    },
    {
      "epoch": 1.508599980782166,
      "grad_norm": 0.671099066734314,
      "learning_rate": 4.971333397392781e-06,
      "loss": 0.0648,
      "step": 78500
    },
    {
      "epoch": 1.5182088978572115,
      "grad_norm": 1.1654374599456787,
      "learning_rate": 4.9393036738092955e-06,
      "loss": 0.0661,
      "step": 79000
    },
    {
      "epoch": 1.527817814932257,
      "grad_norm": 1.4488493204116821,
      "learning_rate": 4.90727395022581e-06,
      "loss": 0.0651,
      "step": 79500
    },
    {
      "epoch": 1.5374267320073027,
      "grad_norm": 1.0005329847335815,
      "learning_rate": 4.875244226642324e-06,
      "loss": 0.0641,
      "step": 80000
    },
    {
      "epoch": 1.5470356490823485,
      "grad_norm": 1.053025484085083,
      "learning_rate": 4.843214503058839e-06,
      "loss": 0.0656,
      "step": 80500
    },
    {
      "epoch": 1.5566445661573942,
      "grad_norm": 0.8183392882347107,
      "learning_rate": 4.811184779475354e-06,
      "loss": 0.0664,
      "step": 81000
    },
    {
      "epoch": 1.5662534832324397,
      "grad_norm": 0.8807504773139954,
      "learning_rate": 4.779155055891868e-06,
      "loss": 0.0661,
      "step": 81500
    },
    {
      "epoch": 1.5758624003074853,
      "grad_norm": 2.0787246227264404,
      "learning_rate": 4.7471253323083825e-06,
      "loss": 0.0674,
      "step": 82000
    },
    {
      "epoch": 1.585471317382531,
      "grad_norm": 0.7853510975837708,
      "learning_rate": 4.715095608724897e-06,
      "loss": 0.0661,
      "step": 82500
    },
    {
      "epoch": 1.5950802344575767,
      "grad_norm": 1.7507998943328857,
      "learning_rate": 4.683065885141412e-06,
      "loss": 0.0647,
      "step": 83000
    },
    {
      "epoch": 1.6046891515326223,
      "grad_norm": 0.8781917691230774,
      "learning_rate": 4.6510361615579264e-06,
      "loss": 0.068,
      "step": 83500
    },
    {
      "epoch": 1.6142980686076678,
      "grad_norm": 0.8869895935058594,
      "learning_rate": 4.619006437974441e-06,
      "loss": 0.0642,
      "step": 84000
    },
    {
      "epoch": 1.6239069856827135,
      "grad_norm": 1.4491314888000488,
      "learning_rate": 4.586976714390955e-06,
      "loss": 0.0657,
      "step": 84500
    },
    {
      "epoch": 1.6335159027577593,
      "grad_norm": 0.9909024834632874,
      "learning_rate": 4.5549469908074695e-06,
      "loss": 0.0671,
      "step": 85000
    },
    {
      "epoch": 1.643124819832805,
      "grad_norm": 0.8538714647293091,
      "learning_rate": 4.522917267223984e-06,
      "loss": 0.0651,
      "step": 85500
    },
    {
      "epoch": 1.6527337369078505,
      "grad_norm": 0.9173638224601746,
      "learning_rate": 4.490887543640498e-06,
      "loss": 0.0651,
      "step": 86000
    },
    {
      "epoch": 1.662342653982896,
      "grad_norm": 0.9067937135696411,
      "learning_rate": 4.4588578200570134e-06,
      "loss": 0.066,
      "step": 86500
    },
    {
      "epoch": 1.6719515710579418,
      "grad_norm": 0.7193682789802551,
      "learning_rate": 4.426828096473528e-06,
      "loss": 0.0652,
      "step": 87000
    },
    {
      "epoch": 1.6815604881329875,
      "grad_norm": 1.258542537689209,
      "learning_rate": 4.394798372890042e-06,
      "loss": 0.0666,
      "step": 87500
    },
    {
      "epoch": 1.691169405208033,
      "grad_norm": 1.1899597644805908,
      "learning_rate": 4.3627686493065565e-06,
      "loss": 0.0662,
      "step": 88000
    },
    {
      "epoch": 1.7007783222830786,
      "grad_norm": 1.2585630416870117,
      "learning_rate": 4.330738925723072e-06,
      "loss": 0.067,
      "step": 88500
    },
    {
      "epoch": 1.7103872393581243,
      "grad_norm": 1.184682011604309,
      "learning_rate": 4.298709202139586e-06,
      "loss": 0.0636,
      "step": 89000
    },
    {
      "epoch": 1.71999615643317,
      "grad_norm": 1.3538579940795898,
      "learning_rate": 4.2666794785561005e-06,
      "loss": 0.0624,
      "step": 89500
    },
    {
      "epoch": 1.7296050735082156,
      "grad_norm": 1.008144497871399,
      "learning_rate": 4.234649754972615e-06,
      "loss": 0.0679,
      "step": 90000
    },
    {
      "epoch": 1.7392139905832613,
      "grad_norm": 1.1483839750289917,
      "learning_rate": 4.20262003138913e-06,
      "loss": 0.0691,
      "step": 90500
    },
    {
      "epoch": 1.7488229076583068,
      "grad_norm": 0.848628580570221,
      "learning_rate": 4.170590307805644e-06,
      "loss": 0.0656,
      "step": 91000
    },
    {
      "epoch": 1.7584318247333526,
      "grad_norm": 0.6923269629478455,
      "learning_rate": 4.138560584222158e-06,
      "loss": 0.0669,
      "step": 91500
    },
    {
      "epoch": 1.7680407418083983,
      "grad_norm": 1.0408058166503906,
      "learning_rate": 4.106530860638673e-06,
      "loss": 0.0679,
      "step": 92000
    },
    {
      "epoch": 1.7776496588834438,
      "grad_norm": 1.0105066299438477,
      "learning_rate": 4.0745011370551875e-06,
      "loss": 0.068,
      "step": 92500
    },
    {
      "epoch": 1.7872585759584894,
      "grad_norm": 1.135292887687683,
      "learning_rate": 4.042471413471702e-06,
      "loss": 0.0664,
      "step": 93000
    },
    {
      "epoch": 1.796867493033535,
      "grad_norm": 1.106199026107788,
      "learning_rate": 4.010441689888216e-06,
      "loss": 0.0675,
      "step": 93500
    },
    {
      "epoch": 1.8064764101085808,
      "grad_norm": 1.5871046781539917,
      "learning_rate": 3.9784119663047314e-06,
      "loss": 0.0678,
      "step": 94000
    },
    {
      "epoch": 1.8160853271836264,
      "grad_norm": 1.6009060144424438,
      "learning_rate": 3.946382242721246e-06,
      "loss": 0.0655,
      "step": 94500
    },
    {
      "epoch": 1.8256942442586719,
      "grad_norm": 0.6379064917564392,
      "learning_rate": 3.91435251913776e-06,
      "loss": 0.0661,
      "step": 95000
    },
    {
      "epoch": 1.8353031613337176,
      "grad_norm": 1.1783502101898193,
      "learning_rate": 3.8823227955542745e-06,
      "loss": 0.0661,
      "step": 95500
    },
    {
      "epoch": 1.8449120784087634,
      "grad_norm": 1.1268630027770996,
      "learning_rate": 3.850293071970789e-06,
      "loss": 0.0685,
      "step": 96000
    },
    {
      "epoch": 1.854520995483809,
      "grad_norm": 1.0821940898895264,
      "learning_rate": 3.818263348387304e-06,
      "loss": 0.069,
      "step": 96500
    },
    {
      "epoch": 1.8641299125588546,
      "grad_norm": 1.2113168239593506,
      "learning_rate": 3.7862336248038184e-06,
      "loss": 0.065,
      "step": 97000
    },
    {
      "epoch": 1.8737388296339001,
      "grad_norm": 0.8913643956184387,
      "learning_rate": 3.754203901220333e-06,
      "loss": 0.069,
      "step": 97500
    },
    {
      "epoch": 1.883347746708946,
      "grad_norm": 0.8718994855880737,
      "learning_rate": 3.7221741776368476e-06,
      "loss": 0.0687,
      "step": 98000
    },
    {
      "epoch": 1.8929566637839916,
      "grad_norm": 0.8647199273109436,
      "learning_rate": 3.690144454053362e-06,
      "loss": 0.0683,
      "step": 98500
    },
    {
      "epoch": 1.9025655808590372,
      "grad_norm": 0.8625584840774536,
      "learning_rate": 3.658114730469876e-06,
      "loss": 0.0701,
      "step": 99000
    },
    {
      "epoch": 1.9121744979340827,
      "grad_norm": 0.7283459901809692,
      "learning_rate": 3.6260850068863907e-06,
      "loss": 0.0706,
      "step": 99500
    },
    {
      "epoch": 1.9217834150091284,
      "grad_norm": 0.8320252299308777,
      "learning_rate": 3.594055283302905e-06,
      "loss": 0.0692,
      "step": 100000
    },
    {
      "epoch": 1.9313923320841742,
      "grad_norm": 1.1973673105239868,
      "learning_rate": 3.56202555971942e-06,
      "loss": 0.0657,
      "step": 100500
    },
    {
      "epoch": 1.94100124915922,
      "grad_norm": 0.7401870489120483,
      "learning_rate": 3.529995836135934e-06,
      "loss": 0.0677,
      "step": 101000
    },
    {
      "epoch": 1.9506101662342654,
      "grad_norm": 0.8591978549957275,
      "learning_rate": 3.497966112552449e-06,
      "loss": 0.0672,
      "step": 101500
    },
    {
      "epoch": 1.960219083309311,
      "grad_norm": 1.0306555032730103,
      "learning_rate": 3.4659363889689633e-06,
      "loss": 0.0711,
      "step": 102000
    },
    {
      "epoch": 1.9698280003843567,
      "grad_norm": 1.025618076324463,
      "learning_rate": 3.433906665385478e-06,
      "loss": 0.0688,
      "step": 102500
    },
    {
      "epoch": 1.9794369174594024,
      "grad_norm": 1.1813937425613403,
      "learning_rate": 3.4018769418019925e-06,
      "loss": 0.0706,
      "step": 103000
    },
    {
      "epoch": 1.989045834534448,
      "grad_norm": 1.4708350896835327,
      "learning_rate": 3.3698472182185073e-06,
      "loss": 0.0672,
      "step": 103500
    },
    {
      "epoch": 1.9986547516094935,
      "grad_norm": 0.6692518591880798,
      "learning_rate": 3.3378174946350216e-06,
      "loss": 0.069,
      "step": 104000
    },
    {
      "epoch": 2.0,
      "eval_loss": 0.13911530375480652,
      "eval_runtime": 531.7215,
      "eval_samples_per_second": 43.495,
      "eval_steps_per_second": 10.874,
      "step": 104070
    },
    {
      "epoch": 2.008263668684539,
      "grad_norm": 1.3570719957351685,
      "learning_rate": 3.3057877710515364e-06,
      "loss": 0.0714,
      "step": 104500
    },
    {
      "epoch": 2.017872585759585,
      "grad_norm": 1.4370310306549072,
      "learning_rate": 3.2737580474680508e-06,
      "loss": 0.0707,
      "step": 105000
    },
    {
      "epoch": 2.0274815028346307,
      "grad_norm": 1.157545804977417,
      "learning_rate": 3.2417283238845656e-06,
      "loss": 0.0673,
      "step": 105500
    },
    {
      "epoch": 2.037090419909676,
      "grad_norm": 1.4310355186462402,
      "learning_rate": 3.20969860030108e-06,
      "loss": 0.069,
      "step": 106000
    },
    {
      "epoch": 2.0466993369847217,
      "grad_norm": 0.8934135437011719,
      "learning_rate": 3.177668876717594e-06,
      "loss": 0.0707,
      "step": 106500
    },
    {
      "epoch": 2.0563082540597675,
      "grad_norm": 1.0515754222869873,
      "learning_rate": 3.1456391531341087e-06,
      "loss": 0.0709,
      "step": 107000
    },
    {
      "epoch": 2.065917171134813,
      "grad_norm": 0.9442252516746521,
      "learning_rate": 3.113609429550623e-06,
      "loss": 0.0659,
      "step": 107500
    },
    {
      "epoch": 2.075526088209859,
      "grad_norm": 1.7512223720550537,
      "learning_rate": 3.081579705967138e-06,
      "loss": 0.0693,
      "step": 108000
    },
    {
      "epoch": 2.0851350052849043,
      "grad_norm": 1.5659688711166382,
      "learning_rate": 3.049549982383652e-06,
      "loss": 0.0687,
      "step": 108500
    },
    {
      "epoch": 2.09474392235995,
      "grad_norm": 1.2967995405197144,
      "learning_rate": 3.017520258800167e-06,
      "loss": 0.0708,
      "step": 109000
    },
    {
      "epoch": 2.1043528394349957,
      "grad_norm": 1.2458165884017944,
      "learning_rate": 2.9854905352166813e-06,
      "loss": 0.0677,
      "step": 109500
    },
    {
      "epoch": 2.1139617565100415,
      "grad_norm": 1.2370879650115967,
      "learning_rate": 2.9534608116331957e-06,
      "loss": 0.068,
      "step": 110000
    },
    {
      "epoch": 2.1235706735850868,
      "grad_norm": 1.6396445035934448,
      "learning_rate": 2.9214310880497105e-06,
      "loss": 0.0717,
      "step": 110500
    },
    {
      "epoch": 2.1331795906601325,
      "grad_norm": 1.0362368822097778,
      "learning_rate": 2.889401364466225e-06,
      "loss": 0.0688,
      "step": 111000
    },
    {
      "epoch": 2.1427885077351783,
      "grad_norm": 1.651617169380188,
      "learning_rate": 2.8573716408827396e-06,
      "loss": 0.0662,
      "step": 111500
    },
    {
      "epoch": 2.152397424810224,
      "grad_norm": 1.1750214099884033,
      "learning_rate": 2.825341917299254e-06,
      "loss": 0.0703,
      "step": 112000
    },
    {
      "epoch": 2.1620063418852693,
      "grad_norm": 1.059475064277649,
      "learning_rate": 2.7933121937157688e-06,
      "loss": 0.0695,
      "step": 112500
    },
    {
      "epoch": 2.171615258960315,
      "grad_norm": 1.6811572313308716,
      "learning_rate": 2.761282470132283e-06,
      "loss": 0.0716,
      "step": 113000
    },
    {
      "epoch": 2.181224176035361,
      "grad_norm": 0.911540150642395,
      "learning_rate": 2.729252746548797e-06,
      "loss": 0.0672,
      "step": 113500
    },
    {
      "epoch": 2.1908330931104065,
      "grad_norm": 1.2914472818374634,
      "learning_rate": 2.697223022965312e-06,
      "loss": 0.0672,
      "step": 114000
    },
    {
      "epoch": 2.2004420101854523,
      "grad_norm": 1.649006962776184,
      "learning_rate": 2.665193299381826e-06,
      "loss": 0.0677,
      "step": 114500
    },
    {
      "epoch": 2.2100509272604976,
      "grad_norm": 0.8227187991142273,
      "learning_rate": 2.633163575798341e-06,
      "loss": 0.0684,
      "step": 115000
    },
    {
      "epoch": 2.2196598443355433,
      "grad_norm": 0.9509065747261047,
      "learning_rate": 2.6011338522148554e-06,
      "loss": 0.0719,
      "step": 115500
    },
    {
      "epoch": 2.229268761410589,
      "grad_norm": 1.409670114517212,
      "learning_rate": 2.56910412863137e-06,
      "loss": 0.0694,
      "step": 116000
    },
    {
      "epoch": 2.238877678485635,
      "grad_norm": 1.2460620403289795,
      "learning_rate": 2.5370744050478845e-06,
      "loss": 0.0724,
      "step": 116500
    },
    {
      "epoch": 2.2484865955606805,
      "grad_norm": 1.533903956413269,
      "learning_rate": 2.5050446814643993e-06,
      "loss": 0.0726,
      "step": 117000
    },
    {
      "epoch": 2.258095512635726,
      "grad_norm": 1.6204564571380615,
      "learning_rate": 2.4730149578809137e-06,
      "loss": 0.0718,
      "step": 117500
    },
    {
      "epoch": 2.2677044297107716,
      "grad_norm": 1.69968843460083,
      "learning_rate": 2.4409852342974284e-06,
      "loss": 0.0672,
      "step": 118000
    },
    {
      "epoch": 2.2773133467858173,
      "grad_norm": 1.5341875553131104,
      "learning_rate": 2.408955510713943e-06,
      "loss": 0.0684,
      "step": 118500
    },
    {
      "epoch": 2.286922263860863,
      "grad_norm": 1.1107800006866455,
      "learning_rate": 2.376925787130457e-06,
      "loss": 0.0679,
      "step": 119000
    },
    {
      "epoch": 2.2965311809359084,
      "grad_norm": 1.2573292255401611,
      "learning_rate": 2.3448960635469715e-06,
      "loss": 0.0689,
      "step": 119500
    },
    {
      "epoch": 2.306140098010954,
      "grad_norm": 1.2033588886260986,
      "learning_rate": 2.3128663399634863e-06,
      "loss": 0.0682,
      "step": 120000
    },
    {
      "epoch": 2.315749015086,
      "grad_norm": 1.3485530614852905,
      "learning_rate": 2.2808366163800007e-06,
      "loss": 0.0701,
      "step": 120500
    },
    {
      "epoch": 2.3253579321610456,
      "grad_norm": 0.9243595600128174,
      "learning_rate": 2.2488068927965155e-06,
      "loss": 0.0686,
      "step": 121000
    },
    {
      "epoch": 2.334966849236091,
      "grad_norm": 1.431964635848999,
      "learning_rate": 2.21677716921303e-06,
      "loss": 0.0704,
      "step": 121500
    },
    {
      "epoch": 2.3445757663111366,
      "grad_norm": 0.8264633417129517,
      "learning_rate": 2.1847474456295446e-06,
      "loss": 0.0707,
      "step": 122000
    },
    {
      "epoch": 2.3541846833861824,
      "grad_norm": 0.8789054751396179,
      "learning_rate": 2.152717722046059e-06,
      "loss": 0.0678,
      "step": 122500
    },
    {
      "epoch": 2.363793600461228,
      "grad_norm": 1.4589747190475464,
      "learning_rate": 2.1206879984625733e-06,
      "loss": 0.071,
      "step": 123000
    },
    {
      "epoch": 2.373402517536274,
      "grad_norm": 0.997836172580719,
      "learning_rate": 2.0886582748790877e-06,
      "loss": 0.0714,
      "step": 123500
    },
    {
      "epoch": 2.383011434611319,
      "grad_norm": 1.0278382301330566,
      "learning_rate": 2.0566285512956025e-06,
      "loss": 0.0691,
      "step": 124000
    },
    {
      "epoch": 2.392620351686365,
      "grad_norm": 1.3121734857559204,
      "learning_rate": 2.024598827712117e-06,
      "loss": 0.0701,
      "step": 124500
    },
    {
      "epoch": 2.4022292687614106,
      "grad_norm": 1.674161672592163,
      "learning_rate": 1.9925691041286316e-06,
      "loss": 0.0707,
      "step": 125000
    },
    {
      "epoch": 2.4118381858364564,
      "grad_norm": 2.466991662979126,
      "learning_rate": 1.960539380545146e-06,
      "loss": 0.067,
      "step": 125500
    },
    {
      "epoch": 2.421447102911502,
      "grad_norm": 0.8232049942016602,
      "learning_rate": 1.9285096569616608e-06,
      "loss": 0.0696,
      "step": 126000
    },
    {
      "epoch": 2.4310560199865474,
      "grad_norm": 0.9659799933433533,
      "learning_rate": 1.896479933378175e-06,
      "loss": 0.0679,
      "step": 126500
    },
    {
      "epoch": 2.440664937061593,
      "grad_norm": 1.1929770708084106,
      "learning_rate": 1.8644502097946895e-06,
      "loss": 0.0703,
      "step": 127000
    },
    {
      "epoch": 2.450273854136639,
      "grad_norm": 0.7036751508712769,
      "learning_rate": 1.832420486211204e-06,
      "loss": 0.0676,
      "step": 127500
    },
    {
      "epoch": 2.459882771211684,
      "grad_norm": 1.0045230388641357,
      "learning_rate": 1.8003907626277186e-06,
      "loss": 0.0689,
      "step": 128000
    },
    {
      "epoch": 2.46949168828673,
      "grad_norm": 1.5721324682235718,
      "learning_rate": 1.7683610390442332e-06,
      "loss": 0.0724,
      "step": 128500
    },
    {
      "epoch": 2.4791006053617757,
      "grad_norm": 1.264978289604187,
      "learning_rate": 1.7363313154607478e-06,
      "loss": 0.0675,
      "step": 129000
    },
    {
      "epoch": 2.4887095224368214,
      "grad_norm": 0.9740353226661682,
      "learning_rate": 1.7043015918772624e-06,
      "loss": 0.0694,
      "step": 129500
    },
    {
      "epoch": 2.498318439511867,
      "grad_norm": 0.9256331324577332,
      "learning_rate": 1.6722718682937767e-06,
      "loss": 0.0681,
      "step": 130000
    },
    {
      "epoch": 2.5079273565869125,
      "grad_norm": 1.4091054201126099,
      "learning_rate": 1.640242144710291e-06,
      "loss": 0.0698,
      "step": 130500
    },
    {
      "epoch": 2.517536273661958,
      "grad_norm": 1.273557186126709,
      "learning_rate": 1.6082124211268057e-06,
      "loss": 0.0691,
      "step": 131000
    },
    {
      "epoch": 2.527145190737004,
      "grad_norm": 0.8644540905952454,
      "learning_rate": 1.5761826975433202e-06,
      "loss": 0.0707,
      "step": 131500
    },
    {
      "epoch": 2.5367541078120497,
      "grad_norm": 0.973032534122467,
      "learning_rate": 1.5441529739598348e-06,
      "loss": 0.0693,
      "step": 132000
    },
    {
      "epoch": 2.5463630248870954,
      "grad_norm": 1.1576498746871948,
      "learning_rate": 1.5121232503763494e-06,
      "loss": 0.0702,
      "step": 132500
    },
    {
      "epoch": 2.5559719419621407,
      "grad_norm": 0.6643167734146118,
      "learning_rate": 1.480093526792864e-06,
      "loss": 0.0697,
      "step": 133000
    },
    {
      "epoch": 2.5655808590371865,
      "grad_norm": 1.2182176113128662,
      "learning_rate": 1.4480638032093785e-06,
      "loss": 0.067,
      "step": 133500
    },
    {
      "epoch": 2.575189776112232,
      "grad_norm": 1.3131088018417358,
      "learning_rate": 1.416034079625893e-06,
      "loss": 0.0702,
      "step": 134000
    },
    {
      "epoch": 2.584798693187278,
      "grad_norm": 0.8505666851997375,
      "learning_rate": 1.3840043560424075e-06,
      "loss": 0.0684,
      "step": 134500
    },
    {
      "epoch": 2.5944076102623237,
      "grad_norm": 1.8286006450653076,
      "learning_rate": 1.351974632458922e-06,
      "loss": 0.0682,
      "step": 135000
    },
    {
      "epoch": 2.604016527337369,
      "grad_norm": 0.7108839154243469,
      "learning_rate": 1.3199449088754366e-06,
      "loss": 0.069,
      "step": 135500
    },
    {
      "epoch": 2.6136254444124147,
      "grad_norm": 0.8358903527259827,
      "learning_rate": 1.287915185291951e-06,
      "loss": 0.0707,
      "step": 136000
    },
    {
      "epoch": 2.6232343614874605,
      "grad_norm": 0.6645329594612122,
      "learning_rate": 1.2558854617084656e-06,
      "loss": 0.072,
      "step": 136500
    },
    {
      "epoch": 2.6328432785625058,
      "grad_norm": 1.008754849433899,
      "learning_rate": 1.2238557381249801e-06,
      "loss": 0.0677,
      "step": 137000
    },
    {
      "epoch": 2.6424521956375515,
      "grad_norm": 1.0861973762512207,
      "learning_rate": 1.1918260145414947e-06,
      "loss": 0.0697,
      "step": 137500
    },
    {
      "epoch": 2.6520611127125973,
      "grad_norm": 1.0816560983657837,
      "learning_rate": 1.1597962909580093e-06,
      "loss": 0.07,
      "step": 138000
    },
    {
      "epoch": 2.661670029787643,
      "grad_norm": 0.9387365579605103,
      "learning_rate": 1.1277665673745236e-06,
      "loss": 0.0693,
      "step": 138500
    },
    {
      "epoch": 2.6712789468626887,
      "grad_norm": 1.011702060699463,
      "learning_rate": 1.0957368437910382e-06,
      "loss": 0.0728,
      "step": 139000
    },
    {
      "epoch": 2.680887863937734,
      "grad_norm": 1.082172155380249,
      "learning_rate": 1.0637071202075528e-06,
      "loss": 0.0702,
      "step": 139500
    },
    {
      "epoch": 2.69049678101278,
      "grad_norm": 1.484973430633545,
      "learning_rate": 1.0316773966240672e-06,
      "loss": 0.067,
      "step": 140000
    },
    {
      "epoch": 2.7001056980878255,
      "grad_norm": 1.3144420385360718,
      "learning_rate": 9.996476730405817e-07,
      "loss": 0.0702,
      "step": 140500
    },
    {
      "epoch": 2.7097146151628713,
      "grad_norm": 0.8537753224372864,
      "learning_rate": 9.676179494570963e-07,
      "loss": 0.069,
      "step": 141000
    },
    {
      "epoch": 2.719323532237917,
      "grad_norm": 1.1397380828857422,
      "learning_rate": 9.355882258736109e-07,
      "loss": 0.0674,
      "step": 141500
    },
    {
      "epoch": 2.7289324493129623,
      "grad_norm": 0.9335931539535522,
      "learning_rate": 9.035585022901252e-07,
      "loss": 0.0686,
      "step": 142000
    },
    {
      "epoch": 2.738541366388008,
      "grad_norm": 0.9513723254203796,
      "learning_rate": 8.715287787066398e-07,
      "loss": 0.0705,
      "step": 142500
    },
    {
      "epoch": 2.748150283463054,
      "grad_norm": 0.9173758625984192,
      "learning_rate": 8.394990551231544e-07,
      "loss": 0.0681,
      "step": 143000
    },
    {
      "epoch": 2.757759200538099,
      "grad_norm": 1.4214158058166504,
      "learning_rate": 8.07469331539669e-07,
      "loss": 0.0717,
      "step": 143500
    },
    {
      "epoch": 2.7673681176131453,
      "grad_norm": 1.421701431274414,
      "learning_rate": 7.754396079561833e-07,
      "loss": 0.0704,
      "step": 144000
    },
    {
      "epoch": 2.7769770346881906,
      "grad_norm": 0.732136607170105,
      "learning_rate": 7.434098843726979e-07,
      "loss": 0.0678,
      "step": 144500
    },
    {
      "epoch": 2.7865859517632363,
      "grad_norm": 1.0968936681747437,
      "learning_rate": 7.113801607892125e-07,
      "loss": 0.0685,
      "step": 145000
    },
    {
      "epoch": 2.796194868838282,
      "grad_norm": 1.105574607849121,
      "learning_rate": 6.793504372057269e-07,
      "loss": 0.0684,
      "step": 145500
    },
    {
      "epoch": 2.8058037859133274,
      "grad_norm": 0.8666867017745972,
      "learning_rate": 6.473207136222415e-07,
      "loss": 0.0707,
      "step": 146000
    },
    {
      "epoch": 2.815412702988373,
      "grad_norm": 0.8867547512054443,
      "learning_rate": 6.15290990038756e-07,
      "loss": 0.0684,
      "step": 146500
    },
    {
      "epoch": 2.825021620063419,
      "grad_norm": 1.0425633192062378,
      "learning_rate": 5.832612664552706e-07,
      "loss": 0.0713,
      "step": 147000
    },
    {
      "epoch": 2.8346305371384646,
      "grad_norm": 1.211201786994934,
      "learning_rate": 5.512315428717851e-07,
      "loss": 0.0694,
      "step": 147500
    },
    {
      "epoch": 2.8442394542135103,
      "grad_norm": 1.0848395824432373,
      "learning_rate": 5.192018192882996e-07,
      "loss": 0.0691,
      "step": 148000
    },
    {
      "epoch": 2.8538483712885556,
      "grad_norm": 0.8122833967208862,
      "learning_rate": 4.871720957048142e-07,
      "loss": 0.0691,
      "step": 148500
    },
    {
      "epoch": 2.8634572883636014,
      "grad_norm": 1.4724020957946777,
      "learning_rate": 4.5514237212132864e-07,
      "loss": 0.0687,
      "step": 149000
    },
    {
      "epoch": 2.873066205438647,
      "grad_norm": 1.097848892211914,
      "learning_rate": 4.2311264853784316e-07,
      "loss": 0.0707,
      "step": 149500
    },
    {
      "epoch": 2.882675122513693,
      "grad_norm": 0.9987465739250183,
      "learning_rate": 3.910829249543577e-07,
      "loss": 0.0695,
      "step": 150000
    },
    {
      "epoch": 2.8922840395887386,
      "grad_norm": 1.1574901342391968,
      "learning_rate": 3.5905320137087215e-07,
      "loss": 0.0674,
      "step": 150500
    },
    {
      "epoch": 2.901892956663784,
      "grad_norm": 1.3347100019454956,
      "learning_rate": 3.270234777873867e-07,
      "loss": 0.0687,
      "step": 151000
    },
    {
      "epoch": 2.9115018737388296,
      "grad_norm": 0.9969058632850647,
      "learning_rate": 2.9499375420390125e-07,
      "loss": 0.0667,
      "step": 151500
    },
    {
      "epoch": 2.9211107908138754,
      "grad_norm": 1.044519066810608,
      "learning_rate": 2.6296403062041577e-07,
      "loss": 0.0707,
      "step": 152000
    },
    {
      "epoch": 2.9307197078889207,
      "grad_norm": 1.2625937461853027,
      "learning_rate": 2.3093430703693026e-07,
      "loss": 0.0711,
      "step": 152500
    },
    {
      "epoch": 2.9403286249639664,
      "grad_norm": 1.4737190008163452,
      "learning_rate": 1.989045834534448e-07,
      "loss": 0.0678,
      "step": 153000
    },
    {
      "epoch": 2.949937542039012,
      "grad_norm": 1.4528214931488037,
      "learning_rate": 1.6687485986995933e-07,
      "loss": 0.0671,
      "step": 153500
    },
    {
      "epoch": 2.959546459114058,
      "grad_norm": 2.0246264934539795,
      "learning_rate": 1.3484513628647385e-07,
      "loss": 0.0656,
      "step": 154000
    },
    {
      "epoch": 2.9691553761891036,
      "grad_norm": 1.3891443014144897,
      "learning_rate": 1.0281541270298837e-07,
      "loss": 0.069,
      "step": 154500
    },
    {
      "epoch": 2.978764293264149,
      "grad_norm": 1.259873867034912,
      "learning_rate": 7.078568911950291e-08,
      "loss": 0.0699,
      "step": 155000
    },
    {
      "epoch": 2.9883732103391947,
      "grad_norm": 1.9726295471191406,
      "learning_rate": 3.875596553601743e-08,
      "loss": 0.0695,
      "step": 155500
    },
    {
      "epoch": 2.9979821274142404,
      "grad_norm": 0.874318540096283,
      "learning_rate": 6.72624195253195e-09,
      "loss": 0.0707,
      "step": 156000
    },
    {
      "epoch": 3.0,
      "eval_loss": 0.13759784400463104,
      "eval_runtime": 533.2774,
      "eval_samples_per_second": 43.368,
      "eval_steps_per_second": 10.842,
      "step": 156105
    }
  ],
  "logging_steps": 500,
  "max_steps": 156105,
  "num_input_tokens_seen": 0,
  "num_train_epochs": 3,
  "save_steps": 500,
  "stateful_callbacks": {
    "EarlyStoppingCallback": {
      "args": {
        "early_stopping_patience": 2,
        "early_stopping_threshold": 0.0
      },
      "attributes": {
        "early_stopping_patience_counter": 2
      }
    },
    "TrainerControl": {
      "args": {
        "should_epoch_stop": false,
        "should_evaluate": false,
        "should_log": false,
        "should_save": true,
        "should_training_stop": true
      },
      "attributes": {}
    }
  },
  "total_flos": 3.382981670763233e+17,
  "train_batch_size": 4,
  "trial_name": null,
  "trial_params": null
}
